source_id,ra,ra_error,dec,dec_error,parallax,parallax_error,phot_g_mean_mag,phot_bp_mean_mag,phot_rp_mean_mag,bp_rp,bp_g,g_rp,teff_val,teff_percentile_lower,teff_percentile_upper,a_g_val,a_g_percentile_lower,a_g_percentile_upper,priam_flags,flame_flags,radius_val,radius_percentile_lower,radius_percentile_upper,lum_val,lum_percentile_lower,lum_percentile_upper
6045465643673557760,245.9593639677339,0.03271372607274575,-26.490607768842697,0.0172574127153317,0.486039573502826,0.03326269750060623,12.930931,13.669668,12.090792,1.5788765,0.7387371,0.8401394,4350.3,4221.48,4609.76,0.7652,0.6945,0.909,100002,200111,9.485785,8.448022,10.073541,29.03474,25.66756,32.40192
6045466399577821440,245.95407744061043,0.028963249654329077,-26.488774835748664,0.01551673713394574,0.6664084648743073,0.030785873841427256,13.312225,13.969194,12.420455,1.5487394,0.6569691,0.89177036,4374.697,4158.09,4483.0,,,,100002,200111,5.7071657,5.434742,6.317259,10.747996,9.550706,11.945287
6045466399587823744,245.9539138765055,0.0798690697051611,-26.48842619157311,0.034233692677085974,0.5259912131819523,0.10945521189170483,15.735296,,,,,,,,,,,,,,,,,,,
6045466399587848704,245.95722853474297,0.022838465191968634,-26.481136241095157,0.01190159178038182,0.4711343609152328,0.02338723851201625,13.51206,14.223417,12.685476,1.537941,0.7113571,0.82658386,4334.8477,4147.0,4650.032,,,,100002,200111,7.569405,6.578055,8.270682,18.22693,15.881364,20.572496
6045466433947664256,245.92221447813344,0.02731133284056094,-26.485872415498285,0.013373822470603132,0.5505446041330037,0.02772114685908201,13.00491,13.599105,12.256114,1.3429909,0.5941944,0.74879646,4771.5767,4551.0864,5028.0,,,,100001,200111,6.215717,5.597892,6.832582,18.043665,16.059362,20.027967
6045466571386686208,245.88478499265133,0.02689624836519401,-26.48960221192359,0.012506645749573601,0.5121866405101223,0.02832548086230617,13.377395,14.120548,12.526903,1.5936451,0.7431536,0.8504915,4319.4,4114.89,4526.04,,,,100001,200111,7.4891944,6.8209543,8.252118,17.589706,15.19553,19.983883
6045466674465880064,245.92949388479545,0.024007175723129076,-26.46882190146272,0.012152670873027398,0.5404290981435571,0.024801637359590834,13.055359,13.7998495,12.206025,1.5938244,0.7444906,0.84933376,4387.0,4171.4165,4615.1577,,,,100001,200111,7.854824,7.097389,8.687696,20.589138,18.268389,22.909887
6045477841381440384,245.82036164656978,0.044489235092497526,-26.496738845230627,0.018363581585143337,0.5467237852975384,0.04609465053966348,12.588741,13.385237,11.711128,1.6741085,0.79649544,0.87761307,4206.1924,4013.64,4479.3076,1.0093,0.8326,1.1934,100001,200111,10.955441,9.660205,12.03182,33.846283,29.839622,37.852943
6045477910100876544,245.84380193780973,0.02206911720607274,-26.495158794152054,0.010895982219198085,0.4955750238323788,0.022773707643849853,13.549961,14.302608,12.692775,1.6098328,0.75264645,0.8571863,4285.27,4141.95,4408.6626,,,,100001,200111,7.325083,6.9207826,7.8407784,16.301687,14.3446,18.258774
6045477944460600960,245.86601334332715,0.022712571173861083,-26.48662561967936,0.011267701344208412,0.49009065241478356,0.023410469374228898,13.780815,14.511988,12.936765,1.575223,0.73117256,0.8440504,4360.53,4212.745,4687.892,,,,100001,200111,6.315519,5.4642725,6.766392,12.991815,11.38347,14.60016
6045477978820371712,245.8475057358449,0.025168141637071595,-26.486140014831665,0.012373545902626449,0.5533021819187063,0.02596037469439255,13.035088,13.692774,12.239019,1.4537544,0.65768623,0.7960682,4470.093,4368.0,4659.027,,,,100001,200111,7.325683,6.743584,7.67213,19.304436,17.223553,21.385319
6045478047540140544,245.8001769148363,0.02500860524945188,-26.495562420952567,0.01248854326065945,0.5184167389569951,0.025267146669847987,13.856481,14.589791,13.012713,1.5770779,0.7333107,0.84376717,4398.0,4212.0864,4733.8047,,,,100001,200111,5.6197844,4.850756,6.1268263,10.645227,9.32914,11.961315
6045478081899629696,245.82592972619443,0.027749852561036136,-26.485446865934254,0.012777910037226068,0.5273568782108466,0.029319368785940533,14.386118,15.084509,13.558605,1.5259037,0.69839096,0.82751274,4363.75,4281.02,4560.995,,,,100002,200111,4.4315257,4.0565214,4.6044574,6.4156504,5.545308,7.2859926
6045478184978847616,245.83915484225545,0.0267017455296552,-26.47607674883775,0.013168566046693723,0.49744670993999596,0.027494067281575656,13.849625,14.591216,12.999046,1.5921698,0.74159145,0.8505783,4242.185,4058.8574,4393.07,,,,100002,200111,6.5593414,6.1165037,7.165259,12.553755,10.8329525,14.274557
6045478288058130304,245.82345329388767,0.025602383954279637,-26.452935242781617,0.012678687902062348,0.4882233026803779,0.026730271505783696,13.0064125,13.6242895,12.239369,1.3849201,0.617877,0.7670431,4588.945,4412.505,5059.0,,,,100001,200111,7.800872,6.418587,8.4372015,24.312653,21.43195,27.193356
6045478356777481984,245.89079683843275,0.022612580314640404,-26.463902618770607,0.011366560549489093,0.48505654311104623,0.022474927204236144,13.151586,13.922655,12.283708,1.6389475,0.7710695,0.86787796,4319.317,4139.2373,4439.033,0.815,0.7142,1.1665,100001,200111,8.775225,8.308289,9.555374,24.147459,21.21308,27.081839
6045478528576252288,245.88481769107582,0.035048612588051156,-26.43913459185409,0.018251646032738673,0.5362586087440381,0.03545676383094703,12.52596,13.333664,11.643439,1.6902246,0.807704,0.8825207,4240.5,4060.1426,4275.0,0.8657,0.7986,1.0471,100001,200111,11.207388,11.027226,12.225201,36.590794,32.92061,40.26098
6045478558624847488,245.89969745391622,0.03008500633029712,-26.439141985034016,0.013133485674815022,0.5064456834358831,0.02913903915758769,13.047281,13.711951,12.2490015,1.4629498,0.66467,0.79827976,4421.2026,4400.4053,4546.0728,,,,100001,200111,8.220646,7.7752438,8.298535,23.263136,20.226206,26.300066
6045478666015246592,245.8403387145259,0.02524407092918195,-26.446456124319756,0.01252316822653932,0.5097712940933687,0.025811864420720892,13.052546,13.833224,12.182103,1.6511211,0.78067875,0.8704424,4160.2573,4096.81,4296.68,0.87,0.6809,1.068,100001,200111,9.826711,9.212605,10.13344,26.061043,23.121948,29.000137
6045478730423545984,245.8723688025265,0.023748308511070845,-26.441112905216936,0.011995320745365372,0.5327900054810978,0.024749684278299874,13.978882,14.693884,13.116216,1.5776682,0.71500206,0.86266613,4315.37,4195.6133,4471.5,,,,100001,200111,5.4732885,5.0977435,5.7901998,9.359736,8.250527,10.4689455
6045478734734712832,245.86721983714682,0.03536282259702629,-26.43579432482001,0.01715050922012355,0.4518346372007429,0.037555451866782025,12.899004,13.552671,12.107255,1.4454165,0.65366745,0.791749,4501.9,4375.6665,4659.8,0.5245,0.3939,1.8675,100001,200111,9.355813,8.732502,9.903411,32.392254,28.05146,36.733047
6045478764783374208,245.88034612200835,0.02714387875290345,-26.42113239539451,0.013744147212250379,0.5363540742265742,0.02662587701140002,14.176915,14.897729,13.337986,1.5597429,0.72081375,0.8389292,4377.0,4261.5,4718.8047,,,,100001,200111,4.7542796,4.0904756,5.015484,7.4742966,6.546315,8.402278
6045479078332149632,245.798003894588,0.02111999223727163,-26.4447575379095,0.010444965498369624,0.5130056522311287,0.022004326857444648,13.366293,14.16067,12.482559,1.6781111,0.7943773,0.88373375,4231.5,4056.0,4279.0,,,,100002,200111,8.008959,7.832135,8.717036,18.527815,16.430437,20.625193
6045479490649030272,245.82200333603123,0.024541952082794315,-26.416162498614,0.012161490766124744,0.5426616045037554,0.0260414257483835,13.666808,14.442241,12.79632,1.6459208,0.7754326,0.87048817,4269.89,4129.92,4439.033,,,,100002,200111,6.409871,5.9306993,6.851717,12.30439,10.818845,13.789935
6045489351894331776,246.06119123350607,0.04257217962039535,-26.454746176646697,0.020758746072197548,0.45004154648871764,0.04305555335664432,12.897403,13.631952,12.060493,1.5714588,0.7345495,0.8369093,4336.75,4198.62,4502.82,0.7043,0.6713,0.8745,100002,200111,10.502826,9.742396,11.2052555,35.15318,29.846472,40.459885
6045489901650196864,245.9707962616411,0.02547147276932012,-26.468582434103944,0.013579272394860058,0.5196381121499866,0.025677498981708704,13.032997,13.782875,12.18158,1.6012955,0.7498779,0.85141754,4250.7876,4152.3003,4349.533,0.9547,0.632,1.7681,100002,200111,9.088406,8.680429,9.52465,24.296726,21.497168,27.096285
6045490103497000320,245.98542485391664,0.03839858638273439,-26.424656523767812,0.019808727023888233,0.49096799147508063,0.039799786874878694,12.880222,13.436208,12.165358,1.2708502,0.55598545,0.71486473,4914.6025,4747.41,5078.9136,,,,100001,200111,6.827669,6.393043,7.3170457,24.501534,21.391497,27.61157
6045490210887898368,245.9300103170496,0.0270336115112957,-26.445028327812576,0.012717208225567914,0.4804067437412614,0.027636713777340838,13.667904,14.386931,12.833184,1.5537472,0.7190275,0.83471966,4413.7573,4303.0,4574.32,,,,100001,200111,6.544527,6.0931535,6.88577,14.644855,12.586356,16.703354
6045501961918453504,245.9118507273834,0.048517944337479205,-26.428634683477686,0.02408362559271888,0.5115847052186098,0.05332739526894727,12.557927,13.351753,11.684319,1.6674347,0.7938261,0.8736086,4164.18,4030.5151,4288.0,1.012,0.735,2.017,100001,200111,12.259755,11.5619545,13.086386,40.717052,34.97823,46.455875
6045501996271740032,245.93077159359302,13.329246195457722,-26.427452265512272,5.001877635220405,,,20.154327,,,,,,,,,,,,,,,,,,,
6045501996278180992,245.93127346838278,0.026199895803295032,-26.42717097992986,0.013473514054317105,0.49611921696517514,0.027761402315936528,13.70271,14.434945,12.862819,1.5721264,0.73223495,0.83989143,4432.0,4257.7354,4745.22,,,,100001,200111,6.1606994,5.374236,6.6753216,13.193309,11.366938,15.01968
6045502305515873024,245.88538505420524,0.024258347763952616,-26.4095589676775,0.012109751809630878,0.5311393675289154,0.025354227455407052,13.039835,13.83209,12.162371,1.6697197,0.7922554,0.8774643,4294.25,4202.25,4409.0,0.999,0.813,1.925,100001,200111,8.588926,8.147668,8.969118,22.600693,20.012583,25.188803
6045502477314585728,245.9122061021891,0.025099083682330502,-26.369388805847613,0.012304394356552634,0.46887861436968903,0.02562733030633053,13.050265,13.82393,12.185809,1.6381207,0.7736645,0.8644562,4452.365,4196.0,5230.27,0.848,0.7854,0.946,100002,200111,8.6851,6.2937307,9.778796,26.705915,23.2965,30.115332
6045503057118542208,245.87420345782985,0.038911051664297466,-26.390455404437652,0.018098057416192522,0.5209141937867824,0.03935798960556619,12.505104,13.345148,11.60254,1.7426081,0.840044,0.90256405,4251.6665,3975.0,4721.75,0.958,0.736,1.2566,100002,200111,11.553714,9.3677225,13.217999,39.298386,34.88,43.71677
